"","Draw","To","Artist","Song","Language","Place","Points","Year","Type"
"1",1,"Moldova","sunstroke project & olia tira","""Run Away""","English",10,52,2010,"sf1"
"2",2,"Russia","peter nalitch & friends","""Lost and Forgotten""","English",7,74,2010,"sf1"
"3",3,"Estonia","malcolm lincoln","""Siren""","English",14,39,2010,"sf1"
"4",4,"Slovakia","kristina","""Horehronie""","Slovak",16,24,2010,"sf1"
"5",5,"Finland","kuunkuiskaajat","""Työlki ellää""","Finnish",11,49,2010,"sf1"
"6",6,"Latvia","aisha","""What For?""","English",17,11,2010,"sf1"
"7",7,"Serbia","milan stankovic","""Ovo je Balkan"" (Oво je Балкан)","Serbian",5,79,2010,"sf1"
"8",8,"Bosnia and Herzegovina","vukasin brajic","""Thunder and Lightning""","English",8,59,2010,"sf1"
"9",9,"Poland","marcin mrozinski","""Legenda""","English, Polish",13,44,2010,"sf1"
"10",10,"Belgium","tom dice","""Me and My Guitar""","English",1,167,2010,"sf1"
"11",11,"Malta","thea garrett","""My Dream""","English",12,45,2010,"sf1"
"12",12,"Albania","juliana pasha","""It's All About You""","English",6,76,2010,"sf1"
"13",13,"Greece","giorgos alkaios & friends","""OPA"" (ΩΠΑ)","Greek1",2,133,2010,"sf1"
"14",14,"Portugal","filipa azevedo","""Há dias assim""","Portuguese",4,89,2010,"sf1"
"15",15,"Macedonia","gjoko taneski","""Jas ja imam silata"" (Јас ја имам силата)","Macedonian",15,37,2010,"sf1"
"16",16,"Belarus","3+2 feat robert wells","""Butterflies""","English",9,59,2010,"sf1"
"17",17,"Iceland","hera bjork","""Je ne sais quoi""","English",3,123,2010,"sf1"
"18",1,"Lithuania","inculto","""Eastern European Funk""","English",12,44,2010,"sf2"
"19",2,"Armenia","eva rivas","""Apricot Stone""","English",6,83,2010,"sf2"
"20",3,"Israel","harel skaat","""Milim"" (מילים)","Hebrew",8,71,2010,"sf2"
"21",4,"Denmark","chanee & n'evergreen","""In a Moment Like This""","English",5,101,2010,"sf2"
"22",5,"Switzerland","michael von der heide","""Il pleut de l'or""","French",17,2,2010,"sf2"
"23",6,"Sweden","anna bergendahl","""This Is My Life""","English",11,62,2010,"sf2"
"24",7,"Azerbaijan","safura","""Drip Drop""","English",2,113,2010,"sf2"
"25",8,"Ukraine","alyosha","""Sweet People""","English",7,77,2010,"sf2"
"26",9,"Netherlands","sieneke","""Ik ben verliefd (Sha-la-lie)""","Dutch",14,29,2010,"sf2"
"27",10,"Romania","paula seling &  ovi","""Playing with Fire""","English",4,104,2010,"sf2"
"28",11,"Slovenia","ansambel zlindra & kalamari","""Narodnozabavni rock""","Slovene",16,6,2010,"sf2"
"29",12,"Ireland","niamh kavanagh","""It's for You""","English",9,67,2010,"sf2"
"30",13,"Bulgaria","miro","""Angel si ti"" (Ангел си ти)","Bulgarian, English",15,19,2010,"sf2"
"31",14,"Cyprus","jon lilygreen & the islanders","""Life Looks Better in Spring""","English",10,67,2010,"sf2"
"32",15,"Croatia","feminnem","""Lako je sve""","Croatian",13,33,2010,"sf2"
"33",16,"Georgia","sofia nizharadze","""Shine""","English",3,106,2010,"sf2"
"34",17,"Turkey","manga","""We Could Be the Same""","English",1,118,2010,"sf2"
"35",1,"Poland","magdalena tul","""Jestem""","Polish",19,18,2011,"sf1"
"36",2,"Norway","stella mwangi","""Haba Haba""","English, Swahili",17,30,2011,"sf1"
"37",3,"Albania","aurela gace","""Feel the Passion""","English",14,47,2011,"sf1"
"38",4,"Armenia","emmy","""Boom Boom""","English",12,54,2011,"sf1"
"39",5,"Turkey","yuksek sadakat","""Live It Up""","English",13,47,2011,"sf1"
"40",6,"Serbia","nina","""Čaroban"" (Чаробан)","Serbian",8,67,2011,"sf1"
"41",7,"Russia","alexey vorobyov","""Get You""","English, Russian",9,64,2011,"sf1"
"42",8,"Switzerland","anna rossinelli","""In Love for a While""","English",10,55,2011,"sf1"
"43",9,"Georgia","eldrine","""One More Day""","English",6,74,2011,"sf1"
"44",10,"Finland","paradise oskar","""Da Da Dam""","English",3,103,2011,"sf1"
"45",11,"Malta","glen vella","""One Life""","English",11,54,2011,"sf1"
"46",12,"San Marino","senhit","""Stand By""","English",16,34,2011,"sf1"
"47",13,"Croatia","daria","""Celebrate""","English",15,41,2011,"sf1"
"48",14,"Iceland","sjonni's friends","""Coming Home""","English",4,100,2011,"sf1"
"49",15,"Hungary","kati wolf","""What About My Dreams?""","English, Hungarian",7,72,2011,"sf1"
"50",16,"Portugal","homens da luta","""A luta é alegria""","Portuguese",18,22,2011,"sf1"
"51",17,"Lithuania","evelina sasenko","""C'est ma vie""","English",5,81,2011,"sf1"
"52",18,"Azerbaijan","ell & nikki","""Running Scared""","English",2,122,2011,"sf1"
"53",19,"Greece","loukas giorkas feat. stereo mike","""Watch My Dance""","English, Greek",1,133,2011,"sf1"
"54",1,"Bosnia and Herzegovina","dino merlin","""Love in Rewind""","English",5,109,2011,"sf2"
"55",2,"Austria","nadine beiler","""The Secret Is Love""","English",7,69,2011,"sf2"
"56",3,"Netherlands","3js","""Never Alone""","English",19,13,2011,"sf2"
"57",4,"Belgium","witloof bay","""With Love Baby""","English",11,53,2011,"sf2"
"58",5,"Slovakia","twiins","""I'm Still Alive""","English",13,48,2011,"sf2"
"59",6,"Ukraine","mika newton","""Angel""","English",6,81,2011,"sf2"
"60",7,"Moldova","zdob si zdub","""So Lucky""","English",10,54,2011,"sf2"
"61",8,"Sweden","eric saade","""Popular""","English",1,155,2011,"sf2"
"62",9,"Cyprus","christos mylordos","""San aggelos s'agapisa"" (Σαν άγγελος σ'αγάπησα)","Greek",18,16,2011,"sf2"
"63",10,"Bulgaria","poli genova","""Na inat"" (На инат)","Bulgarian",12,48,2011,"sf2"
"64",11,"Macedonia","vlatko ilievski","""Rusinka"" (Русинка)","Macedonian, English",16,36,2011,"sf2"
"65",12,"Israel","dana international","""Ding Dong""","Hebrew, English",15,38,2011,"sf2"
"66",13,"Slovenia","maja keuc","""No One""","English",3,112,2011,"sf2"
"67",14,"Romania","hotel fm","""Change""","English",4,111,2011,"sf2"
"68",15,"Estonia","getter jaani","""Rockefeller Street""","English",9,60,2011,"sf2"
"69",16,"Belarus","anastasia vinnikova","""I Love Belarus""","English",14,45,2011,"sf2"
"70",17,"Latvia","musiqq","""Angel in Disguise""","English",17,25,2011,"sf2"
"71",18,"Denmark","a friend in london","""New Tomorrow""","English",2,135,2011,"sf2"
"72",19,"Ireland","jedward","""Lipstick""","English",8,68,2011,"sf2"
"73",1,"Austria","natalia kelly","""Shine""","English",14,27,2013,"sf1"
"74",2,"Estonia","birgit","""Et uus saaks alguse""","Estonian",10,52,2013,"sf1"
"75",3,"Slovenia","hannah","""Straight Into Love""","English",16,8,2013,"sf1"
"76",4,"Croatia","klapa s mora","""Mižerja""","Croatian",13,38,2013,"sf1"
"77",5,"Denmark","emmelie de forest","""Only Teardrops""","English",1,167,2013,"sf1"
"78",6,"Russia","dina garipova","""What If""","English",2,156,2013,"sf1"
"79",7,"Ukraine","zlata ognevich","""Gravity""","English",3,140,2013,"sf1"
"80",8,"Netherlands","anouk","""Birds""","English",6,75,2013,"sf1"
"81",9,"Montenegro","who see","""Igranka"" (Игранка)","Montenegrin",12,41,2013,"sf1"
"82",10,"Lithuania","andrius pojavis","""Something""","English",9,53,2013,"sf1"
"83",11,"Belarus","alyona lanskaya","""Solayoh""","English",7,64,2013,"sf1"
"84",12,"Moldova","aliona moon","""O mie""","Romanian",4,95,2013,"sf1"
"85",13,"Ireland","ryan dolan","""Only Love Survives""","English",8,54,2013,"sf1"
"86",14,"Cyprus","despina olympiou","""An me thimasai"" (Aν με θυμάσαι)","Greek",15,11,2013,"sf1"
"87",15,"Belgium","roberto bellarosa","""Love Kills""","English",5,75,2013,"sf1"
"88",16,"Serbia","moje 3","""Ljubav je svuda"" (Љубав је свуда)","Serbian",11,46,2013,"sf1"
"89",1,"Latvia","per","""Here We Go""","English",17,13,2013,"sf2"
"90",2,"San Marino","valentina monetta","""Crisalide (Vola)""","Italian",11,47,2013,"sf2"
"91",3,"Macedonia","esma & lozano","""Pred da se razdeni"" (Пред да се раздени)","Macedonian, Romani",16,28,2013,"sf2"
"92",4,"Azerbaijan","farid mammadov","""Hold Me""","English",1,139,2013,"sf2"
"93",5,"Finland","krista siegfrids","""Marry Me""","English",9,64,2013,"sf2"
"94",6,"Malta","gianluca","""Tomorrow""","English",4,118,2013,"sf2"
"95",7,"Bulgaria","elitsa todorova & stoyan yankoulov","""Samo shampioni"" (Само шампиони)","Bulgarian",12,45,2013,"sf2"
"96",8,"Iceland","eythor ingi","""Ég á líf""","Icelandic",6,72,2013,"sf2"
"97",9,"Greece","koza mostra feat. agathon iakovidis","""Alcohol Is Free""","Greek1",2,121,2013,"sf2"
"98",10,"Israel","moran mazor","""Rak Bishvilo"" (רק בשבילו)","Hebrew",14,40,2013,"sf2"
"99",11,"Armenia","dorians","""Lonely Planet""","English",7,69,2013,"sf2"
"100",12,"Hungary","byealex","""Kedvesem"" (Zoohacker Remix)","Hungarian",8,66,2013,"sf2"
"101",13,"Norway","margaret berger","""I Feed You My Love""","English",3,120,2013,"sf2"
"102",14,"Albania","adrian lulgjuraj & bledar sejko","""Identitet""","Albanian",15,31,2013,"sf2"
"103",15,"Georgia","nodi tatishvili & sophie gelovani","""Waterfall""","English",10,63,2013,"sf2"
"104",16,"Switzerland","takasa","""You and Me""","English",13,41,2013,"sf2"
"105",17,"Romania","cezar","""It's My Life""","English",5,83,2013,"sf2"
"106",1,"Armenia","aram mp3","""Not Alone""","English",4,121,2014,"sf1"
"107",2,"Latvia","aarzemnieki","""Cake to Bake""","English1",13,33,2014,"sf1"
"108",3,"Estonia","tanja","""Amazing""","English",12,36,2014,"sf1"
"109",4,"Sweden","sanna nielsen","""Undo""","English",2,131,2014,"sf1"
"110",5,"Iceland","pollaponk","""No Prejudice""","English",8,61,2014,"sf1"
"111",6,"Albania","hersi","""One Night's Anger""","English",15,22,2014,"sf1"
"112",7,"Russia","tolmachevy sisters","""Shine""","English",6,63,2014,"sf1"
"113",8,"Azerbaijan","dilara kazimova","""Start a Fire""","English",9,57,2014,"sf1"
"114",9,"Ukraine","mariya yaremchuk","""Tick-Tock""","English",5,118,2014,"sf1"
"115",10,"Belgium","axel hirsoux","""Mother""","English",14,28,2014,"sf1"
"116",11,"Moldova","cristina scarlat","""Wild Soul""","English",16,13,2014,"sf1"
"117",12,"San Marino","valentina monetta","""Maybe""","English",10,40,2014,"sf1"
"118",13,"Portugal","suzy","""Quero ser tua""","Portuguese",11,39,2014,"sf1"
"119",14,"Netherlands","the common linnets","""Calm After the Storm""","English",1,150,2014,"sf1"
"120",15,"Montenegro","sergej cetkovic","""Moj svijet"" (Мој свијет)","Montenegrin",7,63,2014,"sf1"
"121",16,"Hungary","andras kallay-saunders","""Running""","English",3,127,2014,"sf1"
"122",1,"Malta","firelight","""Coming Home""","English",9,63,2014,"sf2"
"123",2,"Israel","mei finegold","""Same Heart""","English, Hebrew",14,19,2014,"sf2"
"124",3,"Norway","carl espen","""Silent Storm""","English",6,77,2014,"sf2"
"125",4,"Georgia","the shin & mariko","""Three Minutes to Earth""","English",15,15,2014,"sf2"
"126",5,"Poland","donatan & cleo","""My Słowianie – We Are Slavic""","Polish, English",8,70,2014,"sf2"
"127",6,"Austria","conchita wurst","""Rise Like a Phoenix""","English",1,169,2014,"sf2"
"128",7,"Lithuania","vilija","""Attention""","English",11,36,2014,"sf2"
"129",8,"Finland","softengine","""Something Better""","English",3,97,2014,"sf2"
"130",9,"Ireland","can-linn feat. kasey smith","""Heartbeat""","English",12,35,2014,"sf2"
"131",10,"Belarus","teo","""Cheesecake""","English",5,87,2014,"sf2"
"132",11,"Macedonia","tijana","""To the Sky""","English",13,33,2014,"sf2"
"133",12,"Switzerland","sebalter","""Hunter of Stars""","English",4,92,2014,"sf2"
"134",13,"Greece","freaky fortune feat. riskykidd","""Rise Up""","English",7,74,2014,"sf2"
"135",14,"Slovenia","tinkara kovac","""Round and Round""","English, Slovene",10,52,2014,"sf2"
"136",15,"Romania","paula seling & ovi","""Miracle""","English",2,125,2014,"sf2"
"137",1,"Moldova","eduard romanyuta","""I Want Your Love""","English",11,41,2015,"sf1"
"138",2,"Armenia","genealogy","""Face the Shadow""","English",7,77,2015,"sf1"
"139",3,"Belgium","loic nottet","""Rhythm Inside""","English",2,149,2015,"sf1"
"140",4,"Netherlands","trijntje oosterhuis","""Walk Along""","English",14,33,2015,"sf1"
"141",5,"Finland","pertti kurikan nimipaivat","""Aina mun pitää""","Finnish",16,13,2015,"sf1"
"142",6,"Greece","maria elena kyriakou","""One Last Breath""","English",6,81,2015,"sf1"
"143",7,"Estonia","elina born & stig rasta","""Goodbye to Yesterday""","English",3,105,2015,"sf1"
"144",8,"Macedonia","daniel kajmakoski","""Autumn Leaves""","English",15,28,2015,"sf1"
"145",9,"Serbia","bojana stamenov","""Beauty Never Lies""","English",9,63,2015,"sf1"
"146",10,"Hungary","boggie","""Wars for Nothing""","English",8,67,2015,"sf1"
"147",11,"Belarus","uzari & maimuna","""Time""","English",12,39,2015,"sf1"
"148",12,"Russia","polina gagarina","""A Million Voices""","English",1,182,2015,"sf1"
"149",13,"Denmark","anti social media","""The Way You Are""","English",13,33,2015,"sf1"
"150",14,"Albania","elhaida dani","""I'm Alive""","English",10,62,2015,"sf1"
"151",15,"Romania","voltaj","""De la capăt""","Romanian, English",5,89,2015,"sf1"
"152",16,"Georgia","nina sublatti","""Warrior""","English",4,98,2015,"sf1"
"153",1,"Lithuania","monika linkyte & vaidas baumila","""This Time""","English",7,67,2015,"sf2"
"154",2,"Ireland","molly sterling","""Playing with Numbers""","English",12,35,2015,"sf2"
"155",3,"San Marino","anita simoncini & michele perniola","""Chain of Lights""","English",16,11,2015,"sf2"
"156",4,"Montenegro","knez","""Adio""","Montenegrin",9,57,2015,"sf2"
"157",5,"Malta","amber","""Warrior""","English",11,43,2015,"sf2"
"158",6,"Norway","morland & debrah scarlett","""A Monster Like Me""","English",4,123,2015,"sf2"
"159",7,"Portugal","leonor andrade","""Há um mar que nos separa""","Portuguese",14,19,2015,"sf2"
"160",8,"Czech Republic","marta jandova & vaclav noid barta","""Hope Never Dies""","English",13,33,2015,"sf2"
"161",9,"Israel","nadav guedj","""Golden Boy""","English",3,151,2015,"sf2"
"162",10,"Latvia","aminata","""Love Injected""","English",2,155,2015,"sf2"
"163",11,"Azerbaijan","elnur huseynov","""Hour of the Wolf""","English",10,53,2015,"sf2"
"164",12,"Iceland","maria olafs","""Unbroken""","English",15,14,2015,"sf2"
"165",13,"Sweden","mans zelmerlow","""Heroes""","English",1,217,2015,"sf2"
"166",14,"Switzerland","melanie rene","""Time to Shine""","English",17,4,2015,"sf2"
"167",15,"Cyprus","john karayiannis","""One Thing I Should Have Done""","English",6,87,2015,"sf2"
"168",16,"Slovenia","maraaya","""Here for You""","English",5,92,2015,"sf2"
"169",17,"Poland","monika kuszynska","""In the Name of Love""","English",8,57,2015,"sf2"
"170",1,"Finland","sandhja","""Sing It Away""","English",15,51,2016,"sf1"
"171",2,"Greece","argo","""Utopian Land""","English, Greek3",16,44,2016,"sf1"
"172",3,"Moldova","lidia isac","""Falling Stars""","English",17,33,2016,"sf1"
"173",4,"Hungary","freddie","""Pioneer""","English",4,197,2016,"sf1"
"174",5,"Croatia","nina kraljic","""Lighthouse""","English",10,133,2016,"sf1"
"175",6,"Netherlands","douwe bob","""Slow Down""","English",5,197,2016,"sf1"
"176",7,"Armenia","iveta mukuchyan","""LoveWave""","English",2,243,2016,"sf1"
"177",8,"San Marino","serhat","""I Didn't Know""","English",12,68,2016,"sf1"
"178",9,"Russia","sergey lazarev","""You Are the Only One""","English",1,342,2016,"sf1"
"179",10,"Czech Republic","gabriela guncikova","""I Stand""","English",9,161,2016,"sf1"
"180",11,"Cyprus","minus one","""Alter Ego""","English",8,164,2016,"sf1"
"181",12,"Austria","zoe","""Loin d'ici""","French",7,170,2016,"sf1"
"182",13,"Estonia","juri pootsmann","""Play""","English",18,24,2016,"sf1"
"183",14,"Azerbaijan","samra","""Miracle""","English",6,185,2016,"sf1"
"184",15,"Montenegro","highway","""The Real Thing""","English",13,60,2016,"sf1"
"185",16,"Iceland","greta salome","""Hear Them Calling""","English",14,51,2016,"sf1"
"186",17,"Bosnia and Herzegovina","dalal & deen feat. ana rucner & jala","""Ljubav je""","Bosnian",11,104,2016,"sf1"
"187",18,"Malta","ira losco","""Walk on Water""","English",3,209,2016,"sf1"
"188",1,"Latvia","justs","""Heartbeat""","English",8,132,2016,"sf2"
"189",2,"Poland","michal szpak","""Color of Your Life""","English",6,151,2016,"sf2"
"190",3,"Switzerland","rykka","""The Last of Our Kind""","English",18,28,2016,"sf2"
"191",4,"Israel","hovi star","""Made of Stars""","English",7,147,2016,"sf2"
"192",5,"Belarus","ivan","""Help You Fly""","English",12,84,2016,"sf2"
"193",6,"Serbia","sanja vucic zaa","""Goodbye (Shelter)""","English",10,105,2016,"sf2"
"194",7,"Ireland","nicky byrne","""Sunlight""","English",15,46,2016,"sf2"
"195",8,"Macedonia","kaliopi","""Dona"" (Дона)","Macedonian",11,88,2016,"sf2"
"196",9,"Lithuania","donny montell","""I've Been Waiting for This Night""","English",4,222,2016,"sf2"
"197",10,"Australia","dami im","""Sound of Silence""","English",1,330,2016,"sf2"
"198",11,"Slovenia","manuella","""Blue and Red""","English",14,57,2016,"sf2"
"199",12,"Bulgaria","poli genova","""If Love Was a Crime""","English, Bulgarian",5,220,2016,"sf2"
"200",13,"Denmark","lighthouse x","""Soldiers of Love""","English",17,34,2016,"sf2"
"201",14,"Ukraine","jamala","""1944""","English, Crimean Tatar",2,287,2016,"sf2"
"202",15,"Norway","agnete","""Icebreaker""","English",13,63,2016,"sf2"
"203",16,"Georgia","nika kocharov & young georgian lolitaz","""Midnight Gold""","English",9,123,2016,"sf2"
"204",17,"Albania","eneda tarifa","""Fairytale""","English",16,45,2016,"sf2"
"205",18,"Belgium","laura tesoro","""What's the Pressure""","English",3,274,2016,"sf2"
"206",1,"Sweden","robin bengtsson","""I Can't Go On""","English",3,227,2017,"sf1"
"207",2,"Georgia","tamara gachechiladze","""Keep the Faith""","English",11,99,2017,"sf1"
"208",3,"Australia","isaiah","""Don't Come Easy""","English",6,160,2017,"sf1"
"209",4,"Albania","lindita","""World""","English",14,76,2017,"sf1"
"210",5,"Belgium","blanche","""City Lights""","English",4,165,2017,"sf1"
"211",6,"Montenegro","slavko kalezic","""Space""","English",16,56,2017,"sf1"
"212",7,"Finland","norma john","""Blackbird""","English",12,92,2017,"sf1"
"213",8,"Azerbaijan","dihaj","""Skeletons""","English",8,150,2017,"sf1"
"214",9,"Portugal","salvador sobral","""Amar pelos dois""","Portuguese",1,370,2017,"sf1"
"215",10,"Greece","demy","""This Is Love""","English",10,115,2017,"sf1"
"216",11,"Poland","kasia mos","""Flashlight""","English",9,119,2017,"sf1"
"217",12,"Moldova","sunstroke project","""Hey, Mamma!""","English",2,291,2017,"sf1"
"218",13,"Iceland","svala","""Paper""","English",15,60,2017,"sf1"
"219",14,"Czech Republic","martina barta","""My Turn""","English",13,83,2017,"sf1"
"220",15,"Cyprus","hovig","""Gravity""","English",5,164,2017,"sf1"
"221",16,"Armenia","artsvik","""Fly with Me""","English",7,152,2017,"sf1"
"222",17,"Slovenia","omar naber","""On My Way""","English",17,36,2017,"sf1"
"223",18,"Latvia","triana park","""Line""","English",18,21,2017,"sf1"
"224",1,"Serbia","tijana bogicevic","""In Too Deep""","English",11,98,2017,"sf2"
"225",2,"Austria","nathan trent","""Running on Air""","English",7,147,2017,"sf2"
"226",3,"Macedonia","jana burceska","""Dance Alone""","English",15,69,2017,"sf2"
"227",4,"Malta","claudia faniello","""Breathlessly""","English",16,55,2017,"sf2"
"228",5,"Romania","ilinca ft. alex florea","""Yodel It!""","English",6,174,2017,"sf2"
"229",6,"Netherlands","o'g3ne","""Lights and Shadows""","English",4,200,2017,"sf2"
"230",7,"Hungary","joci papai","""Origo""","Hungarian",2,231,2017,"sf2"
"231",8,"Denmark","anja","""Where I Am""","English",10,101,2017,"sf2"
"232",9,"Ireland","brendan murray","""Dying to Try""","English",13,86,2017,"sf2"
"233",10,"San Marino","valentina monetta & jimmie wilson","""Spirit of the Night""","English",18,1,2017,"sf2"
"234",11,"Croatia","jacques houdek","""My Friend""","English, Italian",8,141,2017,"sf2"
"235",12,"Norway","jowst","""Grab the Moment""","English",5,189,2017,"sf2"
"236",13,"Switzerland","timebelle","""Apollo""","English",12,97,2017,"sf2"
"237",14,"Belarus","naviband","""Story of My Life""","Belarusian",9,110,2017,"sf2"
"238",15,"Bulgaria","kristian kostov","""Beautiful Mess""","English",1,403,2017,"sf2"
"239",16,"Lithuania","fusedmarc","""Rain of Revolution""","English",17,42,2017,"sf2"
"240",17,"Estonia","koit toome & laura","""Verona""","English",14,85,2017,"sf2"
"241",18,"Israel","imri","""I Feel Alive""","English",3,207,2017,"sf2"
"242",1,"Azerbaijan","aisel","""X My Heart""","English",11,94,2018,"sf1"
"243",2,"Iceland","ari olafsson","""Our Choice""","English",19,15,2018,"sf1"
"244",3,"Albania","eugent bushpepa","""Mall""","Albanian",8,162,2018,"sf1"
"245",4,"Belgium","sennek","""A Matter of Time""","English",12,91,2018,"sf1"
"246",5,"Czech Republic","mikolas josef","""Lie to Me""","English",3,232,2018,"sf1"
"247",6,"Lithuania","ieva zasimauskaite","""When We're Old""","English",9,119,2018,"sf1"
"248",7,"Israel","netta","""Toy""","English",1,283,2018,"sf1"
"249",8,"Belarus","alekseev","""Forever""","English",16,65,2018,"sf1"
"250",9,"Estonia","elina nechayeva","""La forza""","Italian",5,201,2018,"sf1"
"251",10,"Bulgaria","equinox","""Bones""","English",7,177,2018,"sf1"
"252",11,"Macedonia","eye cue","""Lost and Found""","English",18,24,2018,"sf1"
"253",12,"Croatia","franka","""Crazy""","English",17,63,2018,"sf1"
"254",13,"Austria","cesar sampson","""Nobody but You""","English",4,231,2018,"sf1"
"255",14,"Greece","yianna terzi","""Oniro mou"" (Όνειρό μου)","Greek",14,81,2018,"sf1"
"256",15,"Finland","saara aalto","""Monsters""","English",10,108,2018,"sf1"
"257",16,"Armenia","sevak khanagyan","""Qami"" (Քամի)","Armenian",15,79,2018,"sf1"
"258",17,"Switzerland","zibbz","""Stones""","English",13,86,2018,"sf1"
"259",18,"Ireland","ryan o'shaughnessy","""Together""","English",6,179,2018,"sf1"
"260",19,"Cyprus","eleni foureira","""Fuego""","English",2,262,2018,"sf1"
"261",1,"Norway","alexander rybak","""That's How You Write a Song""","English",1,266,2018,"sf2"
"262",2,"Romania","the humans","""Goodbye""","English",11,107,2018,"sf2"
"263",3,"Serbia","sanja ilic & balkanika","""Nova deca"" (Нова деца)","Serbian",9,117,2018,"sf2"
"264",4,"San Marino","jessika feat. jenifer brening","""Who We Are""","English",17,28,2018,"sf2"
"265",5,"Denmark","rasmussen","""Higher Ground""","English",5,204,2018,"sf2"
"266",6,"Russia","julia samoylova","""I Won't Break""","English",15,65,2018,"sf2"
"267",7,"Moldova","doredos","""My Lucky Day""","English",3,235,2018,"sf2"
"268",8,"Netherlands","waylon","""Outlaw in 'Em""","English",7,174,2018,"sf2"
"269",9,"Australia","jessica mauboy","""We Got Love""","English",4,212,2018,"sf2"
"270",10,"Georgia","ethno-jazz band iriao","""For You""","Georgian",18,24,2018,"sf2"
"271",11,"Poland","gromee feat. lukas meijer","""Light Me Up""","English",14,81,2018,"sf2"
"272",12,"Malta","christabelle","""Taboo""","English",13,101,2018,"sf2"
"273",13,"Hungary","aws","""Viszlát nyár""","Hungarian",10,111,2018,"sf2"
"274",14,"Latvia","laura rizzotto","""Funny Girl""","English",12,106,2018,"sf2"
"275",15,"Sweden","benjamin ingrosso","""Dance You Off""","English",2,254,2018,"sf2"
"276",16,"Montenegro","vanja radovanovic","""Inje"" (Иње)","Montenegrin",16,40,2018,"sf2"
"277",17,"Slovenia","lea sirk","""Hvala, ne!""","Slovene",8,132,2018,"sf2"
"278",18,"Ukraine","melovin","""Under the Ladder""","English",6,179,2018,"sf2"
"279",1,"Cyprus","tamta","""Replay""","English",9,149,2019,"sf1"
"280",2,"Montenegro","d mol","""Heaven""","English",16,46,2019,"sf1"
"281",3,"Finland","darude feat. sebastian rejman","""Look Away""","English",17,23,2019,"sf1"
"282",4,"Poland","tulia","""Fire of Love (Pali się)""","Polish, English",11,120,2019,"sf1"
"283",5,"Slovenia","zala kralj & gasper santl","""Sebi""","Slovene",6,167,2019,"sf1"
"284",6,"Czech Republic","lake malawi","""Friend of a Friend""","English",2,242,2019,"sf1"
"285",7,"Hungary","joci papai","""Az én apám""","Hungarian",12,97,2019,"sf1"
"286",8,"Belarus","zena","""Like It""","English",10,122,2019,"sf1"
"287",9,"Serbia","nevena bozovic","""Kruna"" (Круна)","Serbian",7,156,2019,"sf1"
"288",10,"Belgium","eliot","""Wake Up""","English",13,70,2019,"sf1"
"289",11,"Georgia","oto nemsadze","""Keep on Going""","Georgian",14,62,2019,"sf1"
"290",12,"Australia","kate miller-heidke","""Zero Gravity""","English",1,261,2019,"sf1"
"291",13,"Iceland","hatari","""Hatrið mun sigra""","Icelandic",3,221,2019,"sf1"
"292",14,"Estonia","victor crone","""Storm""","English",4,198,2019,"sf1"
"293",15,"Portugal","conan osiris","""Telemóveis""","Portuguese",15,51,2019,"sf1"
"294",16,"Greece","katerine duska","""Better Love""","English",5,185,2019,"sf1"
"295",17,"San Marino","serhat","""Say Na Na Na""","English",8,150,2019,"sf1"
"296",1,"Armenia","srbuk","""Walking Out""","English",16,49,2019,"sf2"
"297",2,"Ireland","sarah mcternan","""22""","English",18,16,2019,"sf2"
"298",3,"Moldova","anna odobescu","""Stay""","English",12,85,2019,"sf2"
"299",4,"Switzerland","luca hanni","""She Got Me""","English",4,232,2019,"sf2"
"300",5,"Latvia","carousel","""That Night""","English",15,50,2019,"sf2"
"301",6,"Romania","ester peony","""On a Sunday""","English",13,71,2019,"sf2"
"302",7,"Denmark","leonora","""Love Is Forever""","English, French",10,94,2019,"sf2"
"303",8,"Sweden","john lundvik","""Too Late for Love""","English",3,238,2019,"sf2"
"304",9,"Austria","paenda","""Limits""","English",17,21,2019,"sf2"
"305",10,"Croatia","roko","""The Dream""","English, Croatian",14,64,2019,"sf2"
"306",11,"Malta","michela","""Chameleon""","English",8,157,2019,"sf2"
"307",12,"Lithuania","jurij veklenko","""Run with the Lions""","English",11,93,2019,"sf2"
"308",13,"Russia","sergey lazarev","""Scream""","English",6,217,2019,"sf2"
"309",14,"Albania","jonida maliqi","""Ktheju tokës""","Albanian",9,96,2019,"sf2"
"310",15,"Norway","keiino","""Spirit in the Sky""","English",7,210,2019,"sf2"
"311",16,"Netherlands","duncan laurence","""Arcade""","English",1,280,2019,"sf2"
"312",17,"North Macedonia","tamara todevska","""Proud""","English",2,239,2019,"sf2"
"313",18,"Azerbaijan","chingiz","""Truth""","English",5,224,2019,"sf2"
"314",1,"Azerbaijan","safura","""Drip Drop""","English",5,145,2010,"f"
"315",2,"Spain","daniel diges","""Algo pequeñito""","Spanish",15,68,2010,"f"
"316",3,"Norway","didrik solli-tangen","""My Heart Is Yours""","English",20,35,2010,"f"
"317",4,"Moldova","sunstroke project & olia tira","""Run Away""","English",22,27,2010,"f"
"318",5,"Cyprus","jon lilygreen & the islanders","""Life Looks Better in Spring""","English",21,27,2010,"f"
"319",6,"Bosnia and Herzegovina","vukasin brajic","""Thunder and Lightning""","English",17,51,2010,"f"
"320",7,"Belgium","tom dice","""Me and My Guitar""","English",6,143,2010,"f"
"321",8,"Serbia","milan stankovic","""Ovo je Balkan"" (Oво je Балкан)","Serbian",13,72,2010,"f"
"322",9,"Belarus","3+2 feat robert wells","""Butterflies""","English",24,18,2010,"f"
"323",10,"Ireland","niamh kavanagh","""It's for You""","English",23,25,2010,"f"
"324",11,"Greece","giorgos alkaios & friends","""OPA!"" (ΩΠΑ)","Greek1",8,140,2010,"f"
"325",12,"United Kingdom","josh dubovie","""That Sounds Good to Me""","English",25,10,2010,"f"
"326",13,"Georgia","sofia nizharadze","""Shine""","English",9,136,2010,"f"
"327",14,"Turkey","manga","""We Could Be the Same""","English",2,170,2010,"f"
"328",15,"Albania","juliana pasha","""It's All About You""","English",16,62,2010,"f"
"329",16,"Iceland","hera bjork","""Je ne sais quoi""","English",19,41,2010,"f"
"330",17,"Ukraine","alyosha","""Sweet People""","English",10,108,2010,"f"
"331",18,"France","jessy matador","""Allez Ola Olé""","French",12,82,2010,"f"
"332",19,"Romania","paula seling & ovi","""Playing with Fire""","English",3,162,2010,"f"
"333",20,"Russia","peter nalitch & friends","""Lost and Forgotten""","English",11,90,2010,"f"
"334",21,"Armenia","eva rivas","""Apricot Stone""","English",7,141,2010,"f"
"335",22,"Germany","lena","""Satellite""","English",1,246,2010,"f"
"336",23,"Portugal","filipa azevedo","""Há dias assim""","Portuguese",18,43,2010,"f"
"337",24,"Israel","harel skaat","""Milim"" (מילים)","Hebrew",14,71,2010,"f"
"338",25,"Denmark","chanee & n'evergreen","""In a Moment Like This""","English",4,149,2010,"f"
"339",1,"Finland","paradise oskar","""Da Da Dam""","English",21,57,2011,"f"
"340",2,"Bosnia and Herzegovina","dino merlin","""Love in Rewind""","English",6,125,2011,"f"
"341",3,"Denmark","a friend in london","""New Tomorrow""","English",5,134,2011,"f"
"342",4,"Lithuania","evelina sasenko","""C'est ma vie""","English",19,63,2011,"f"
"343",5,"Hungary","kati wolf","""What About My Dreams?""","English, Hungarian",22,53,2011,"f"
"344",6,"Ireland","jedward","""Lipstick""","English",8,119,2011,"f"
"345",7,"Sweden","eric saade","""Popular""","English",3,185,2011,"f"
"346",8,"Estonia","getter jaani","""Rockefeller Street""","English",24,44,2011,"f"
"347",9,"Greece","loukas giorkas feat. stereo mike","""Watch My Dance""","English, Greek",7,120,2011,"f"
"348",10,"Russia","alexey vorobyov","""Get You""","English, Russian",16,77,2011,"f"
"349",11,"France","amaury vassili","""Sognu""","Corsican",15,82,2011,"f"
"350",12,"Italy","raphael gualazzi","""Madness of Love""","Italian, English",2,189,2011,"f"
"351",13,"Switzerland","anna rossinelli","""In Love for a While""","English",25,19,2011,"f"
"352",14,"United Kingdom","blue","""I Can""","English",11,100,2011,"f"
"353",15,"Moldova","zdob si zdub","""So Lucky""","English",12,97,2011,"f"
"354",16,"Germany","lena","""Taken by a Stranger""","English",10,107,2011,"f"
"355",17,"Romania","hotel fm","""Change""","English",17,77,2011,"f"
"356",18,"Austria","nadine beiler","""The Secret Is Love""","English",18,64,2011,"f"
"357",19,"Azerbaijan","ell & nikki","""Running Scared""","English",1,221,2011,"f"
"358",20,"Slovenia","maja keuc","""No One""","English",13,96,2011,"f"
"359",21,"Iceland","sjonni's friends","""Coming Home""","English",20,61,2011,"f"
"360",22,"Spain","lucia perez","""Que me quiten lo bailao""","Spanish",23,50,2011,"f"
"361",23,"Ukraine","mika newton","""Angel""","English",4,159,2011,"f"
"362",24,"Serbia","nina","""Čaroban"" (Чаробан)","Serbian",14,85,2011,"f"
"363",25,"Georgia","eldrine","""One More Day""","English",9,110,2011,"f"
"364",1,"France","amandine bourgeois","""L'enfer et moi""","French",23,14,2013,"f"
"365",2,"Lithuania","andrius pojavis","""Something""","English",22,17,2013,"f"
"366",3,"Moldova","aliona moon","""O mie""","Romanian",11,71,2013,"f"
"367",4,"Finland","krista siegfrids","""Marry Me""","English",24,13,2013,"f"
"368",5,"Spain","esdm","""Contigo hasta el final""","Spanish2",25,8,2013,"f"
"369",6,"Belgium","roberto bellarosa","""Love Kills""","English",12,71,2013,"f"
"370",7,"Estonia","birgit","""Et uus saaks alguse""","Estonian",20,19,2013,"f"
"371",8,"Belarus","alyona lanskaya","""Solayoh""","English",16,48,2013,"f"
"372",9,"Malta","gianluca","""Tomorrow""","English",8,120,2013,"f"
"373",10,"Russia","dina garipova","""What If""","English",5,174,2013,"f"
"374",11,"Germany","cascada","""Glorious""","English",21,18,2013,"f"
"375",12,"Armenia","dorians","""Lonely Planet""","English",18,41,2013,"f"
"376",13,"Netherlands","anouk","""Birds""","English",9,114,2013,"f"
"377",14,"Romania","cezar","""It's My Life""","English",13,65,2013,"f"
"378",15,"United Kingdom","bonnie tyler","""Believe in Me""","English",19,23,2013,"f"
"379",16,"Sweden","robin stjernberg","""You""","English",14,62,2013,"f"
"380",17,"Hungary","byealex","""Kedvesem"" (Zoohacker Remix)","Hungarian",10,84,2013,"f"
"381",18,"Denmark","emmelie de forest","""Only Teardrops""","English",1,281,2013,"f"
"382",19,"Iceland","eythor ingi","""Ég á líf""","Icelandic",17,47,2013,"f"
"383",20,"Azerbaijan","farid mammadov","""Hold Me""","English",2,234,2013,"f"
"384",21,"Greece","koza mostra feat. agathon iakovidis","""Alcohol Is Free""","Greek1",6,152,2013,"f"
"385",22,"Ukraine","zlata ognevich","""Gravity""","English",3,214,2013,"f"
"386",23,"Italy","marco mengoni","""L'essenziale""","Italian",7,126,2013,"f"
"387",24,"Norway","margaret berger","""I Feed You My Love""","English",4,191,2013,"f"
"388",25,"Georgia","nodi tatishvili & sophie gelovani","""Waterfall""","English",15,50,2013,"f"
"389",26,"Ireland","ryan dolan","""Only Love Survives""","English",26,5,2013,"f"
"390",1,"Ukraine","mariya yaremchuk","""Tick-Tock""","English",6,113,2014,"f"
"391",2,"Belarus","teo","""Cheesecake""","English",16,43,2014,"f"
"392",3,"Azerbaijan","dilara kazimova","""Start a Fire""","English",22,33,2014,"f"
"393",4,"Iceland","pollaponk","""No Prejudice""","English",15,58,2014,"f"
"394",5,"Norway","carl espen","""Silent Storm""","English",8,88,2014,"f"
"395",6,"Romania","paula seling & ovi","""Miracle""","English",12,72,2014,"f"
"396",7,"Armenia","aram mp3","""Not Alone""","English",4,174,2014,"f"
"397",8,"Montenegro","sergej cetkovic","""Moj svijet"" (Мој свијет)","Montenegrin",19,37,2014,"f"
"398",9,"Poland","donatan & cleo","""My Słowianie – We Are Slavic""","Polish, English",14,62,2014,"f"
"399",10,"Greece","freaky fortune feat. riskykidd","""Rise Up""","English",20,35,2014,"f"
"400",11,"Austria","conchita wurst","""Rise Like a Phoenix""","English",1,290,2014,"f"
"401",12,"Germany","elaiza","""Is It Right""","English",18,39,2014,"f"
"402",13,"Sweden","sanna nielsen","""Undo""","English",3,218,2014,"f"
"403",14,"France","twin twin","""Moustache""","French2",26,2,2014,"f"
"404",15,"Russia","tolmachevy sisters","""Shine""","English",7,89,2014,"f"
"405",16,"Italy","emma","""La mia città""","Italian3",21,33,2014,"f"
"406",17,"Slovenia","tinkara kovac","""Round and Round""","English, Slovene",25,9,2014,"f"
"407",18,"Finland","softengine","""Something Better""","English",11,72,2014,"f"
"408",19,"Spain","ruth lorenzo","""Dancing in the Rain""","English, Spanish",10,74,2014,"f"
"409",20,"Switzerland","sebalter","""Hunter of Stars""","English",13,64,2014,"f"
"410",21,"Hungary","andras kallay-saunders","""Running""","English",5,143,2014,"f"
"411",22,"Malta","firelight","""Coming Home""","English",23,32,2014,"f"
"412",23,"Denmark","basim","""Cliché Love Song""","English",9,74,2014,"f"
"413",24,"Netherlands","the common linnets","""Calm After the Storm""","English",2,238,2014,"f"
"414",25,"San Marino","valentina monetta","""Maybe""","English",24,14,2014,"f"
"415",26,"United Kingdom","molly","""Children of the Universe""","English",17,40,2014,"f"
"416",1,"Slovenia","maraaya","""Here for You""","English",14,39,2015,"f"
"417",2,"France","lisa angell","""N'oubliez pas""","French",25,4,2015,"f"
"418",3,"Israel","nadav guedj","""Golden Boy""","English",9,97,2015,"f"
"419",4,"Estonia","elina born & stig rasta","""Goodbye to Yesterday""","English",7,106,2015,"f"
"420",5,"United Kingdom","electro velvet","""Still in Love with You""","English",24,5,2015,"f"
"421",6,"Armenia","genealogy","""Face the Shadow""","English",16,34,2015,"f"
"422",7,"Lithuania","monika linkyte & vaidas baumila","""This Time""","English",18,30,2015,"f"
"423",8,"Serbia","bojana stamenov","""Beauty Never Lies""","English",10,53,2015,"f"
"424",9,"Norway","morland & debrah scarlett","""A Monster Like Me""","English",8,102,2015,"f"
"425",10,"Sweden","mans zelmerlow","""Heroes""","English",1,365,2015,"f"
"426",11,"Cyprus","john karayiannis","""One Thing I Should Have Done""","English",22,11,2015,"f"
"427",12,"Australia","guy sebastian","""Tonight Again""","English",5,196,2015,"f"
"428",13,"Belgium","loic nottet","""Rhythm Inside""","English",4,217,2015,"f"
"429",14,"Austria","the makemakes","""I Am Yours""","English",26,0,2015,"f"
"430",15,"Greece","maria elena kyriakou","""One Last Breath""","English",19,23,2015,"f"
"431",16,"Montenegro","knez","""Adio""","Montenegrin",13,44,2015,"f"
"432",17,"Germany","ann sophie","""Black Smoke""","English",27,0,2015,"f"
"433",18,"Poland","monika kuszynska","""In the Name of Love""","English",23,10,2015,"f"
"434",19,"Latvia","aminata","""Love Injected""","English",6,186,2015,"f"
"435",20,"Romania","voltaj","""De la capăt""","Romanian, English",15,35,2015,"f"
"436",21,"Spain","edurne","""Amanecer""","Spanish",21,15,2015,"f"
"437",22,"Hungary","boggie","""Wars for Nothing""","English",20,19,2015,"f"
"438",23,"Georgia","nina sublatti","""Warrior""","English",11,51,2015,"f"
"439",24,"Azerbaijan","elnur huseynov","""Hour of the Wolf""","English",12,49,2015,"f"
"440",25,"Russia","polina gagarina","""A Million Voices""","English",2,303,2015,"f"
"441",26,"Albania","elhaida dani","""I'm Alive""","English",17,34,2015,"f"
"442",27,"Italy","il volo","""Grande amore""","Italian",3,292,2015,"f"
"443",1,"Belgium","laura tesoro","""What's the Pressure""","English",10,181,2016,"f"
"444",2,"Czech Republic","gabriela guncikova","""I Stand""","English",25,41,2016,"f"
"445",3,"Netherlands","douwe bob","""Slow Down""","English",11,153,2016,"f"
"446",4,"Azerbaijan","samra","""Miracle""","English",17,117,2016,"f"
"447",5,"Hungary","freddie","""Pioneer""","English",19,108,2016,"f"
"448",6,"Italy","francesca michielin","""No Degree of Separation""","Italian, English",16,124,2016,"f"
"449",7,"Israel","hovi star","""Made of Stars""","English",14,135,2016,"f"
"450",8,"Bulgaria","poli genova","""If Love Was a Crime""","English, Bulgarian",4,307,2016,"f"
"451",9,"Sweden","frans","""If I Were Sorry""","English",5,261,2016,"f"
"452",10,"Germany","jamie-lee","""Ghost""","English",26,11,2016,"f"
"453",11,"France","amir","""J'ai cherché""","French, English",6,257,2016,"f"
"454",12,"Poland","michal szpak","""Color of Your Life""","English",8,229,2016,"f"
"455",13,"Australia","dami im","""Sound of Silence""","English",2,511,2016,"f"
"456",14,"Cyprus","minus one","""Alter Ego""","English",21,96,2016,"f"
"457",15,"Serbia","sanja vucic zaa","""Goodbye (Shelter)""","English",18,115,2016,"f"
"458",16,"Lithuania","donny montell","""I've Been Waiting for This Night""","English",9,200,2016,"f"
"459",17,"Croatia","nina kraljic","""Lighthouse""","English",23,73,2016,"f"
"460",18,"Russia","sergey lazarev","""You Are the Only One""","English",3,491,2016,"f"
"461",19,"Spain","barei","""Say Yay!""","English",22,77,2016,"f"
"462",20,"Latvia","justs","""Heartbeat""","English",15,132,2016,"f"
"463",21,"Ukraine","jamala","""1944""","English, Crimean Tatar",1,534,2016,"f"
"464",22,"Malta","ira losco","""Walk on Water""","English",12,153,2016,"f"
"465",23,"Georgia","nika kocharov & young georgian lolitaz","""Midnight Gold""","English",20,104,2016,"f"
"466",24,"Austria","zoe","""Loin d'ici""","French",13,151,2016,"f"
"467",25,"United Kingdom","joe & jake","""You're Not Alone""","English",24,62,2016,"f"
"468",26,"Armenia","iveta mukuchyan","""LoveWave""","English",7,249,2016,"f"
"469",1,"Israel","imri","""I Feel Alive""","English",23,39,2017,"f"
"470",2,"Poland","kasia mos","""Flashlight""","English",22,64,2017,"f"
"471",3,"Belarus","naviband","""Story of My Life""","Belarusian",17,83,2017,"f"
"472",4,"Austria","nathan trent","""Running on Air""","English",16,93,2017,"f"
"473",5,"Armenia","artsvik","""Fly with Me""","English",18,79,2017,"f"
"474",6,"Netherlands","og3ne","""Lights and Shadows""","English",11,150,2017,"f"
"475",7,"Moldova","sunstroke project","""Hey, Mamma!""","English",3,374,2017,"f"
"476",8,"Hungary","joci papai","""Origo""","Hungarian",8,200,2017,"f"
"477",9,"Italy","francesco gabbani","""Occidentali's Karma""","Italian",6,334,2017,"f"
"478",10,"Denmark","anja","""Where I Am""","English",20,77,2017,"f"
"479",11,"Portugal","salvador sobral","""Amar pelos dois""","Portuguese",1,758,2017,"f"
"480",12,"Azerbaijan","dihaj","""Skeletons""","English",14,120,2017,"f"
"481",13,"Croatia","jacques houdek","""My Friend""","English, Italian",13,128,2017,"f"
"482",14,"Australia","isaiah","""Don't Come Easy""","English",9,173,2017,"f"
"483",15,"Greece","demy","""This Is Love""","English",19,77,2017,"f"
"484",16,"Spain","manel navarro","""Do It for Your Lover""","Spanish, English",26,5,2017,"f"
"485",17,"Norway","jowst","""Grab the Moment""","English",10,158,2017,"f"
"486",18,"United Kingdom","lucie jones","""Never Give Up on You""","English",15,111,2017,"f"
"487",19,"Cyprus","hovig","""Gravity""","English",21,68,2017,"f"
"488",20,"Romania","ilinca ft. alex florea","""Yodel It!""","English",7,282,2017,"f"
"489",21,"Germany","levina","""Perfect Life""","English",25,6,2017,"f"
"490",22,"Ukraine","o.torvald","""Time""","English",24,36,2017,"f"
"491",23,"Belgium","blanche","""City Lights""","English",4,363,2017,"f"
"492",24,"Sweden","robin bengtsson","""I Can't Go On""","English",5,344,2017,"f"
"493",25,"Bulgaria","kristian kostov","""Beautiful Mess""","English",2,615,2017,"f"
"494",26,"France","alma","""Requiem""","French, English",12,135,2017,"f"
"495",1,"Ukraine","melovin","""Under the Ladder""","English",17,130,2018,"f"
"496",2,"Spain","amaia & alfred","""Tu canción""","Spanish",23,61,2018,"f"
"497",3,"Slovenia","lea sirk","""Hvala, ne!""","Slovene",22,64,2018,"f"
"498",4,"Lithuania","ieva zasimauskaite","""When We're Old""","English",12,181,2018,"f"
"499",5,"Austria","cesar sampson","""Nobody but You""","English",3,342,2018,"f"
"500",6,"Estonia","elina nechayeva","""La forza""","Italian",8,245,2018,"f"
"501",7,"Norway","alexander rybak","""That's How You Write a Song""","English",15,144,2018,"f"
"502",8,"Portugal","claudia pascoal","""O jardim""","Portuguese",26,39,2018,"f"
"503",9,"United Kingdom","surie","""Storm""","English",24,48,2018,"f"
"504",10,"Serbia","sanja ilic & balkanika","""Nova deca"" (Нова деца)","Serbian",19,113,2018,"f"
"505",11,"Germany","michael schulte","""You Let Me Walk Alone""","English",4,340,2018,"f"
"506",12,"Albania","eugent bushpepa","""Mall""","Albanian",11,184,2018,"f"
"507",13,"France","madame monsieur","""Mercy""","French",13,173,2018,"f"
"508",14,"Czech Republic","mikolas josef","""Lie to Me""","English",6,281,2018,"f"
"509",15,"Denmark","rasmussen","""Higher Ground""","English",9,226,2018,"f"
"510",16,"Australia","jessica mauboy","""We Got Love""","English",20,99,2018,"f"
"511",17,"Finland","saara aalto","""Monsters""","English",25,46,2018,"f"
"512",18,"Bulgaria","equinox","""Bones""","English",14,166,2018,"f"
"513",19,"Moldova","doredos","""My Lucky Day""","English",10,209,2018,"f"
"514",20,"Sweden","benjamin ingrosso","""Dance You Off""","English",7,274,2018,"f"
"515",21,"Hungary","aws","""Viszlát nyár""","Hungarian",21,93,2018,"f"
"516",22,"Israel","netta","""Toy""","English",1,529,2018,"f"
"517",23,"Netherlands","waylon","""Outlaw in 'Em""","English",18,121,2018,"f"
"518",24,"Ireland","ryan o'shaughnessy","""Together""","English",16,136,2018,"f"
"519",25,"Cyprus","eleni foureira","""Fuego""","English",2,436,2018,"f"
"520",26,"Italy","ermal meta & fabrizio moro","""Non mi avete fatto niente""","Italian",5,308,2018,"f"
"521",1,"Malta","michela","""Chameleon""","English",14,107,2019,"f"
"522",2,"Albania","jonida maliqi","""Ktheju tokës""","Albanian",17,90,2019,"f"
"523",3,"Czech Republic","lake malawi","""Friend of a Friend""","English",11,157,2019,"f"
"524",4,"Germany","s!sters","""Sister""","English",25,24,2019,"f"
"525",5,"Russia","sergey lazarev","""Scream""","English",3,370,2019,"f"
"526",6,"Denmark","leonora","""Love Is Forever""","English, French",12,120,2019,"f"
"527",7,"San Marino","serhat","""Say Na Na Na""","English",19,77,2019,"f"
"528",8,"North Macedonia","tamara todevska","""Proud""","English",7,305,2019,"f"
"529",9,"Sweden","john lundvik","""Too Late for Love""","English",5,334,2019,"f"
"530",10,"Slovenia","zala kralj & gasper santl","""Sebi""","Slovene",15,105,2019,"f"
"531",11,"Cyprus","tamta","""Replay""","English",13,109,2019,"f"
"532",12,"Netherlands","duncan laurence","""Arcade""","English",1,498,2019,"f"
"533",13,"Greece","katerine duska","""Better Love""","English",21,74,2019,"f"
"534",14,"Israel","kobi marimi","""Home""","English",23,35,2019,"f"
"535",15,"Norway","keiino","""Spirit in the Sky""","English",6,331,2019,"f"
"536",16,"United Kingdom","michael rice","""Bigger than Us""","English",26,11,2019,"f"
"537",17,"Iceland","hatari","""Hatrið mun sigra""","Icelandic",10,232,2019,"f"
"538",18,"Estonia","victor crone","""Storm""","English",20,76,2019,"f"
"539",19,"Belarus","zena","""Like It""","English",24,31,2019,"f"
"540",20,"Azerbaijan","chingiz","""Truth""","English",8,302,2019,"f"
"541",21,"France","bilal hassani","""Roi""","French, English",16,105,2019,"f"
"542",22,"Italy","mahmood","""Soldi""","Italian",2,472,2019,"f"
"543",23,"Serbia","nevena bozovic","""Kruna"" (Круна)","Serbian",18,89,2019,"f"
"544",24,"Switzerland","luca hanni","""She Got Me""","English",4,364,2019,"f"
"545",25,"Australia","kate miller-heidke","""Zero Gravity""","English",9,284,2019,"f"
"546",26,"Spain","miki","""La venda""","Spanish",22,54,2019,"f"
"547",1,"Montenegro","rambo amadeus","""Euro Neuro""","English2",15,20,2012,"sf1"
"548",2,"Iceland","greta salome & jonsi","""Never Forget""","English",8,75,2012,"sf1"
"549",3,"Greece","eleftheria eleftheriou","""Aphrodisiac""","English",4,116,2012,"sf1"
"550",4,"Latvia","anmary","""Beautiful Song""","English",16,17,2012,"sf1"
"551",5,"Albania","rona nishliu","""Suus""3","Albanian",2,146,2012,"sf1"
"552",6,"Romania","mandinga","""Zaleilah""","Spanish, English",3,120,2012,"sf1"
"553",7,"Switzerland","sinplus","""Unbreakable""","English",11,45,2012,"sf1"
"554",8,"Belgium","iris","""Would You?""","English",17,16,2012,"sf1"
"555",9,"Finland","pernilla karlsson","""När jag blundar""","Swedish",12,41,2012,"sf1"
"556",10,"Israel","izabo","""Time""","English, Hebrew",13,33,2012,"sf1"
"557",11,"San Marino","valentina monetta","""The Social Network Song (Oh Oh – Uh - Oh Oh)""","English4",14,31,2012,"sf1"
"558",12,"Cyprus","ivi adamou","""La La Love""","English",7,91,2012,"sf1"
"559",13,"Denmark","soluna samay","""Should've Known Better""","English",9,63,2012,"sf1"
"560",14,"Russia","buranovskiye babushki","""Party for Everybody""","Udmurt, English",1,152,2012,"sf1"
"561",15,"Hungary","compact disco","""Sound of Our Hearts""","English",10,52,2012,"sf1"
"562",16,"Austria","trackshittaz","""Woki mit deim Popo""","German5",18,8,2012,"sf1"
"563",17,"Moldova","pasha parfeny","""Lăutar""","English6",5,100,2012,"sf1"
"564",18,"Ireland","jedward","""Waterline""","English",6,92,2012,"sf1"
"565",1,"Serbia","zeljko joksimovic","""Nije ljubav stvar"" (Није љубав ствар)","Serbian",2,159,2012,"sf2"
"566",2,"Macedonia","kaliopi","""Crno i belo"" (Црно и бело)","Macedonian",9,53,2012,"sf2"
"567",3,"Netherlands","joan franka","""You and Me""","English",15,35,2012,"sf2"
"568",4,"Malta","kurt calleja","""This Is the Night""","English",7,70,2012,"sf2"
"569",5,"Belarus","litesound","""We Are the Heroes""","English",16,35,2012,"sf2"
"570",6,"Portugal","filipa sousa","""Vida minha""","Portuguese",13,39,2012,"sf2"
"571",7,"Ukraine","gaitana","""Be My Guest""","English",8,64,2012,"sf2"
"572",8,"Bulgaria","sofi marinova","""Love Unlimited""","Bulgarian8",119,45,2012,"sf2"
"573",9,"Slovenia","eva boto","""Verjamem""","Slovene",17,31,2012,"sf2"
"574",10,"Croatia","nina badric","""Nebo""","Croatian",12,42,2012,"sf2"
"575",11,"Sweden","loreen","""Euphoria""","English",1,181,2012,"sf2"
"576",12,"Georgia","anri jokhadze","""I'm a Joker""","English, Georgian",14,36,2012,"sf2"
"577",13,"Turkey","can bonomo","""Love Me Back""","English",5,80,2012,"sf2"
"578",14,"Estonia","ott lepland","""Kuula""","Estonian",4,100,2012,"sf2"
"579",15,"Slovakia","max jason mai","""Don't Close Your Eyes""","English",18,22,2012,"sf2"
"580",16,"Norway","tooji","""Stay""","English",109,45,2012,"sf2"
"581",17,"Bosnia and Herzegovina","maya sar","""Korake ti znam""","Bosnian",6,77,2012,"sf2"
"582",18,"Lithuania","donny montell","""Love Is Blind""","English",3,104,2012,"sf2"
"583",1,"United Kingdom","engelbert humperdinck","""Love Will Set You Free""","English",25,12,2012,"f"
"584",2,"Hungary","compact disco","""Sound of Our Hearts""","English",24,19,2012,"f"
"585",3,"Albania","rona nishliu","""Suus""3","Albanian",5,146,2012,"f"
"586",4,"Lithuania","donny montell","""Love Is Blind""","English",14,70,2012,"f"
"587",5,"Bosnia and Herzegovina","maya sar","""Korake ti znam""","Bosnian",18,55,2012,"f"
"588",6,"Russia","buranovskiye babushki","""Party for Everybody""","Udmurt, English",2,259,2012,"f"
"589",7,"Iceland","greta salome & jonsi","""Never Forget""","English",20,46,2012,"f"
"590",8,"Cyprus","ivi adamou","""La La Love""","English",16,65,2012,"f"
"591",9,"France","anggun","""Echo (You and I)""","French, English",22,21,2012,"f"
"592",10,"Italy","nina zilli","""L'amore è femmina (Out of Love)""","English, Italian",9,101,2012,"f"
"593",11,"Estonia","ott lepland","""Kuula""","Estonian",6,120,2012,"f"
"594",12,"Norway","tooji","""Stay""","English",26,7,2012,"f"
"595",13,"Azerbaijan","sabina babayeva","""When the Music Dies""","English",4,150,2012,"f"
"596",14,"Romania","mandinga","""Zaleilah""","Spanish, English",12,71,2012,"f"
"597",15,"Denmark","soluna samay","""Should've Known Better""","English",23,21,2012,"f"
"598",16,"Greece","eleftheria eleftheriou","""Aphrodisiac""","English",17,64,2012,"f"
"599",17,"Sweden","loreen","""Euphoria""","English",1,372,2012,"f"
"600",18,"Turkey","can bonomo","""Love Me Back""","English",7,112,2012,"f"
"601",19,"Spain","pastora soler","""Quédate conmigo (Stay With Me)""","Spanish",10,97,2012,"f"
"602",20,"Germany","roman lob","""Standing Still""","English",8,110,2012,"f"
"603",21,"Malta","kurt calleja","""This Is the Night""","English",21,41,2012,"f"
"604",22,"Macedonia","kaliopi","""Crno i belo"" (Црно и бело)","Macedonian",13,71,2012,"f"
"605",23,"Ireland","jedward","""Waterline""","English",19,46,2012,"f"
"606",24,"Serbia","zeljko joksimovic","""Nije ljubav stvar"" (Није љубав ствар)","Serbian",3,214,2012,"f"
"607",25,"Ukraine","gaitana","""Be My Guest""","English",15,65,2012,"f"
"608",26,"Moldova","pasha parfeny","""Lăutar""","English7",11,81,2012,"f"
